name,price,state,url,image
Yamaha XSR 155 ch√≠nh ch·ªß-xe l∆∞·ªõt-pkl motor classic,59.000.000 ƒë,2021 - Tay c√¥n/Moto - ƒê√£ s·ª≠ d·ª•ng,/mua-ban-xe-may-thanh-pho-bac-ninh-bac-ninh/105597291.htm,https://cdn.chotot.com/iEW8PrdgHwPoBjCCqR4dIE_HhoQk4YTUbx6i8YpH7Y4/preset:listing/plain/90197b436fb369ee76322c691de9e96e-2821313235886676626.jpg
YAMAHA XSR 155 2022 BSTP CH√çNH CH·ª¶ ODO4K. M·ªöI 98%,71.800.000 ƒë,2022 - Tay c√¥n/Moto - ƒê√£ s·ª≠ d·ª•ng,/mua-ban-xe-may-thanh-pho-thu-duc-tp-ho-chi-minh/108970882.htm,https://cdn.chotot.com/iP_e7EPmSPWfF4FA7IluxQ74M8TnWEeGb7aDWm6wsMo/preset:listing/plain/9d9c91d46d963edf5aba3809ac2e11fc-2838282665355177244.jpg
YAMAHA XSR 155 ƒêen (ƒë·ªì ch∆°i 54tr) Bi·ªÉn s·ªë hcm,87.000.000 ƒë,2021 - Tay c√¥n/Moto - ƒê√£ s·ª≠ d·ª•ng,/mua-ban-xe-may-huyen-nha-be-tp-ho-chi-minh/108786726.htm,https://cdn.chotot.com/FYnS8EB5NbRxtFhm6_PVYA_O0CSBTHmKRxNg6_E9tRQ/preset:listing/plain/0a75ec3eb4f20cf2ae5d59c54f46d06e-2837245619888877500.jpg
"C·∫ßn b√°n Yamaha XSR 155 m·ªôt ch·ªß ƒë·∫≠p th√πng,date 2022",73.500.000 ƒë,2022 - Tay c√¥n/Moto - ƒê√£ s·ª≠ d·ª•ng,/mua-ban-xe-may-quan-phu-nhuan-tp-ho-chi-minh/108639085.htm,https://cdn.chotot.com/Bb4KbgLKcHEih1P_Ku6LfjQx9-Gy9jTfJDJxMB-EZQY/preset:listing/plain/ce5c0dc0b378aafbb287f8cced6a959a-2836514814258472084.jpg
üèçÔ∏èYAMAHA XSR 155 2022 G·ªêC TP THU·∫æ 1% . C√ì ƒê·ªîI XE,66.800.000 ƒë,2022 - Tay c√¥n/Moto - ƒê√£ s·ª≠ d·ª•ng,/mua-ban-xe-may-thanh-pho-thu-duc-tp-ho-chi-minh/108839572.htm,https://cdn.chotot.com/5faWfGjXS1aJs5FZb6qNsGwdLJ9ayHOwNgG_0KJq59g/preset:listing/plain/dd17191c703533638c889b8a38b38bd1-2837527652422883568.jpg
XSR 155 m√†uvƒëen ƒëƒÉng kia 2021,69.000.000 ƒë,2021 - Tay c√¥n/Moto - ƒê√£ s·ª≠ d·ª•ng,/mua-ban-xe-may-huyen-hoai-duc-ha-noi/108558310.htm,https://cdn.chotot.com/gP6Ar6tCeLRvAwIgewu7VtrT46vERJp38cxjSfVJNwo/preset:listing/plain/913ed2e4af0308a6f777a4cd1aa7192b-2835961178851868300.jpg
"Yamaha Xsr 155 2021 , zin keng, ch√≠nh ch·ªß",63.800.000 ƒë,2021 - Tay c√¥n/Moto - ƒê√£ s·ª≠ d·ª•ng,/mua-ban-xe-may-quan-6-tp-ho-chi-minh/108248761.htm,https://cdn.chotot.com/4kZD1kvSop9JfDttu3M2Y2pSdBgCnorKisLz9bcsClc/preset:listing/plain/4ddf54b441a36ac1577c2ed6f27e93d4-2834615142188550527.jpg
Yamaha XSR 155 bi·ªÉn TP ƒë·∫πp vip 06/2023- xe m·ªõi,60.000.000 ƒë,2023 - Tay c√¥n/Moto - ƒê√£ s·ª≠ d·ª•ng,/mua-ban-xe-may-quan-nam-tu-liem-ha-noi/108263655.htm,https://cdn.chotot.com/QV8ooKmbr6LxGmhaq-vA2aiuQzpyHMwqX08EaiJ-EFg/preset:listing/plain/35855fc7a8854ec34ac45828150e6a5e-2834653988119712740.jpg
Yamaha XSR 155 vip 06/2022-m·ªõi ƒëi 2000km-pkl moto,60.000.000 ƒë,2022 - Tay c√¥n/Moto - ƒê√£ s·ª≠ d·ª•ng,/mua-ban-xe-may-quan-nam-tu-liem-ha-noi/108492860.htm,https://cdn.chotot.com/gsqg9OKxXqzv-Mp7ThK-Z_qdbTD_JSx1APTvdwQCQ7g/preset:listing/plain/b71174915bb6b5e463c8d7bc024ab393-2835787341700502882.jpg
xsr 155,71.800.000 ƒë,2022 - Tay c√¥n/Moto - ƒê√£ s·ª≠ d·ª•ng,/mua-ban-xe-may-quan-3-tp-ho-chi-minh/108528704.htm,https://cdn.chotot.com/w2GdSSjoLNiMYRKl33U5PbF2D5tQorvj6esCONONwaY/preset:listing/plain/8dd8d8050719f1f0118de66dd4e8b3d0-2835947315616638033.jpg
Yamaha XSR 155 bi·ªÉn TP ƒë·∫πp l∆∞·ªõt.ch√≠nh ch·ªß moto,60.000.000 ƒë,2021 - Tay c√¥n/Moto - ƒê√£ s·ª≠ d·ª•ng,/mua-ban-xe-may-quan-nam-tu-liem-ha-noi/108230581.htm,https://cdn.chotot.com/qTDTsdASI-DNfuNsefXkt9loLrbbup23zEbsX6eRjiQ/preset:listing/plain/10eaecbcd9419b922a1e9cec2e520210-2834490977369476184.jpg
Yamaha Xsr 155 ch√≠nh ch·ªß c·∫ßn b√°n,72.000.000 ƒë,2022 - Tay c√¥n/Moto - ƒê√£ s·ª≠ d·ª•ng,/mua-ban-xe-may-quan-11-tp-ho-chi-minh/108596371.htm,https://cdn.chotot.com/OokGpDy8iUwjj616WQPvGMxPNe9wi8I_jk_5jiGHRV0/preset:listing/plain/57d2c1d219ce7ed4768eccbf2423c9e4-2836266126052381243.jpg
Yamaha XSR 155 2022 - Motor Mai Anh,75.500.000 ƒë,2022 - Tay c√¥n/Moto - ƒê√£ s·ª≠ d·ª•ng,/mua-ban-xe-may-quan-cau-giay-ha-noi/108577728.htm,https://cdn.chotot.com/bF4Z3B4w4aYINZsSK7N4CtWqasi8Dvh3Nbr__sS3E8Y/preset:listing/plain/0c27e69b5e53dfe7cee196bb3c47a532-2836209614632408327.jpg
"B√°n xe Yamaha XSR 155 ƒëk 2022, 8000km. nh∆∞ m·ªõi",70.000.000 ƒë,2022 - Tay c√¥n/Moto - ƒê√£ s·ª≠ d·ª•ng,/mua-ban-xe-may-quan-hai-chau-da-nang/108548067.htm,https://cdn.chotot.com/2jmZgt6QGPzwpBxfGz5-UrRYgcO-phxFXk_U5h1TNMk/preset:listing/plain/4ff5af97372b336fda41ad94132fc94a-2836063896995116218.jpg
xsr 155,71.800.000 ƒë,2022 - Tay c√¥n/Moto - ƒê√£ s·ª≠ d·ª•ng,/mua-ban-xe-may-quan-5-tp-ho-chi-minh/108411540.htm,https://cdn.chotot.com/ZK6bSmxu3T6M01h3wM_Iz6wSb3kPkvqZnV-6-Kc2FNQ/preset:listing/plain/844473d38c5233a7baefe8ee66a1bf2f-2835361166710883381.jpg
Yamaha XSR 155 2020 - Motor Mai Anh,68.000.000 ƒë,2020 - Tay c√¥n/Moto - ƒê√£ s·ª≠ d·ª•ng,/mua-ban-xe-may-quan-cau-giay-ha-noi/108462319.htm,https://cdn.chotot.com/N_Hx_4fcybDCOtpBhIxFei3KqYt9gSNhEyUMrdlO5LE/preset:listing/plain/42eaab169ea0e4fd721ca399a2d7d471-2835641393398033765.jpg
xe Xsr 155.m√†u ƒëen nh√°m. ƒëk. 2021. m·ªõi 95%,68.000.000 ƒë,2021 - Tay c√¥n/Moto - ƒê√£ s·ª≠ d·ª•ng,/mua-ban-xe-may-huyen-hoa-vang-da-nang/108490483.htm,https://cdn.chotot.com/jeNwSVK9SJdxW4sc9zKwwZWVCLaI8q8j8R3uCUJHaN0/preset:listing/plain/f5c6ddffb222d60bd4f0ee449600d435-2835780982710273938.jpg
Yamaha XSR 155 2021 lƒÉn b√°nh 300km,73.000.000 ƒë,2021 - Tay c√¥n/Moto - ƒê√£ s·ª≠ d·ª•ng,/mua-ban-xe-may-quan-cau-giay-ha-noi/108415699.htm,https://static.chotot.com/storage/icons/owner/shop-verify.svg
Yamaha XSR 155 2022 - Motor Mai Anh,75.000.000 ƒë,2022 - Tay c√¥n/Moto - ƒê√£ s·ª≠ d·ª•ng,/mua-ban-xe-may-quan-cau-giay-ha-noi/108202797.htm,https://static.chotot.com/storage/icons/saveAd/save-ad.svg
Yamaha Xsr 155 ch√≠nh ch·ªß bssg,74.000.000 ƒë,2022 - Tay c√¥n/Moto - ƒê√£ s·ª≠ d·ª•ng,/mua-ban-xe-may-quan-11-tp-ho-chi-minh/108036163.htm,https://static.chotot.com/storage/icons/saveAd/save-ad.svg
